dataset,model,strategy,pred_file,rel_path,n,auroc,ci_low,ci_high,auc_std,status,is_ood,model_family,model_type
Camelyon17,BLIP2-2.7b,ZS,/project/6101776/nanboy/MedVLMBench/log/diagnosis/Camelyon17/BLIP2-2.7b/eval_seed0/original_pretrained/predictions.json,Camelyon17/BLIP2-2.7b/eval_seed0/original_pretrained,920,0.5175058189215833,0.47965617315557085,0.5559328304238993,0.0194244357882068,OK,1,CLIP,general
Camelyon17,BLIP2-2.7b,FT-LoRA,/project/6101776/nanboy/MedVLMBench/log/diagnosis/Camelyon17/BLIP2-2.7b/train_img-lora-lp_seed42/predictions.json,Camelyon17/BLIP2-2.7b/train_img-lora-lp_seed42,920,0.9827310058326121,0.9756608530061722,0.9883395477360145,0.003236660576207,OK,1,CLIP,general
Camelyon17,BLIP2-2.7b,FT-LP,/project/6101776/nanboy/MedVLMBench/log/diagnosis/Camelyon17/BLIP2-2.7b/train_lp_seed42/predictions.json,Camelyon17/BLIP2-2.7b/train_lp_seed42,920,0.981501584095816,0.9744113233850297,0.9874247355260751,0.0034091119182537,OK,1,CLIP,general
Camelyon17,BioMedCLIP,ZS,/project/6101776/nanboy/MedVLMBench/log/diagnosis/Camelyon17/BioMedCLIP/eval_seed0/original_pretrained/predictions.json,Camelyon17/BioMedCLIP/eval_seed0/original_pretrained,920,0.7724507978150925,0.7417323628578785,0.8029310908741134,0.0156383949457235,OK,0,CLIP,medical
Camelyon17,BioMedCLIP,FT-LoRA,/project/6101776/nanboy/MedVLMBench/log/diagnosis/Camelyon17/BioMedCLIP/train_img-lora-lp_seed42/predictions.json,Camelyon17/BioMedCLIP/train_img-lora-lp_seed42,920,0.987067201716354,0.981274989328131,0.9920369727852419,0.0027730121472044,OK,0,CLIP,medical
Camelyon17,BioMedCLIP,FT-LP,/project/6101776/nanboy/MedVLMBench/log/diagnosis/Camelyon17/BioMedCLIP/train_lp_seed42/predictions.json,Camelyon17/BioMedCLIP/train_lp_seed42,920,0.9858226212765058,0.9793720495359565,0.9910403684304336,0.0029825170541832,OK,0,CLIP,medical
Camelyon17,CLIP,ZS,/project/6101776/nanboy/MedVLMBench/log/diagnosis/Camelyon17/CLIP/eval_seed0/original_pretrained/predictions.json,Camelyon17/CLIP/eval_seed0/original_pretrained,920,0.529705725699632,0.49272281582813676,0.5683237836008782,0.0193405652503856,OK,1,CLIP,general
Camelyon17,CLIP,FT-LoRA,/project/6101776/nanboy/MedVLMBench/log/diagnosis/Camelyon17/CLIP/train_img-lora-lp_seed42/predictions.json,Camelyon17/CLIP/train_img-lora-lp_seed42,920,0.9682099401463041,0.9579770008907637,0.9770128688873504,0.0048868234155868,OK,1,CLIP,general
Camelyon17,CLIP,FT-LP,/project/6101776/nanboy/MedVLMBench/log/diagnosis/Camelyon17/CLIP/train_lp_seed42/predictions.json,Camelyon17/CLIP/train_lp_seed42,920,0.9679812420259091,0.9571904619932831,0.9770661531373324,0.0051170932959584,OK,1,CLIP,general
Camelyon17,MedCLIP,ZS,/project/6101776/nanboy/MedVLMBench/log/diagnosis/Camelyon17/MedCLIP/eval_seed0/original_pretrained/predictions.json,Camelyon17/MedCLIP/eval_seed0/original_pretrained,920,0.7644548426840803,0.7325393239818684,0.7940144101121064,0.0158446152927667,OK,1,CLIP,medical
Camelyon17,MedCLIP,FT-LoRA,/project/6101776/nanboy/MedVLMBench/log/diagnosis/Camelyon17/MedCLIP/train_img-lora-lp_seed42/predictions.json,Camelyon17/MedCLIP/train_img-lora-lp_seed42,920,0.818888327754502,0.791374513862994,0.8450341597755576,0.0137560081509123,OK,1,CLIP,medical
Camelyon17,MedCLIP,FT-LP,/project/6101776/nanboy/MedVLMBench/log/diagnosis/Camelyon17/MedCLIP/train_lp_seed42/predictions.json,Camelyon17/MedCLIP/train_lp_seed42,920,0.8177354049788509,0.7909510219639282,0.8438336714589669,0.013910157034142,OK,1,CLIP,medical
Camelyon17,MedSigLIP,ZS,/project/6101776/nanboy/MedVLMBench/log/diagnosis/Camelyon17/MedSigLIP/eval_seed0/original_pretrained/predictions.json,Camelyon17/MedSigLIP/eval_seed0/original_pretrained,920,0.42184179848193387,0.3853681004573909,0.4588801872834447,0.0192545502675944,OK,0,SigLIP,medical
Camelyon17,MedSigLIP,FT-LoRA,/project/6101776/nanboy/MedVLMBench/log/diagnosis/Camelyon17/MedSigLIP/train_img-lora-lp_seed42/predictions.json,Camelyon17/MedSigLIP/train_img-lora-lp_seed42,920,0.9859402118002051,0.9791862792023249,0.9917283245172593,0.0032651779088975,OK,0,SigLIP,medical
Camelyon17,MedSigLIP,FT-LP,/project/6101776/nanboy/MedVLMBench/log/diagnosis/Camelyon17/MedSigLIP/train_lp_seed42/predictions.json,Camelyon17/MedSigLIP/train_lp_seed42,920,0.986030787778513,0.9792383185485914,0.9917932985307505,0.0032313893228531,OK,0,SigLIP,medical
Camelyon17,PLIP,ZS,/project/6101776/nanboy/MedVLMBench/log/diagnosis/Camelyon17/PLIP/eval_seed0/original_pretrained/predictions.json,Camelyon17/PLIP/eval_seed0/original_pretrained,920,0.7444978047102271,0.7128990885416666,0.7734603001441179,0.0157389903569908,OK,0,CLIP,medical
Camelyon17,PLIP,FT-LoRA,/project/6101776/nanboy/MedVLMBench/log/diagnosis/Camelyon17/PLIP/train_img-lora-lp_seed42/predictions.json,Camelyon17/PLIP/train_img-lora-lp_seed42,920,0.985874626881281,0.9786395884432671,0.9920347076536687,0.0034755927317986,OK,0,CLIP,medical
Camelyon17,PLIP,FT-LP,/project/6101776/nanboy/MedVLMBench/log/diagnosis/Camelyon17/PLIP/train_lp_seed42/predictions.json,Camelyon17/PLIP/train_lp_seed42,920,0.9853101191317908,0.9777418407227408,0.9916478737904324,0.0035743813250309,OK,0,CLIP,medical
Camelyon17,PubMedCLIP,ZS,/project/6101776/nanboy/MedVLMBench/log/diagnosis/Camelyon17/PubMedCLIP/eval_seed0/original_pretrained/predictions.json,Camelyon17/PubMedCLIP/eval_seed0/original_pretrained,920,0.3300615500769794,0.29476636898440634,0.3663967463219795,0.0182481610035393,OK,1,CLIP,medical
Camelyon17,PubMedCLIP,FT-LoRA,/project/6101776/nanboy/MedVLMBench/log/diagnosis/Camelyon17/PubMedCLIP/train_img-lora-lp_seed42/predictions.json,Camelyon17/PubMedCLIP/train_img-lora-lp_seed42,920,0.9556464638908196,0.9436696579880208,0.9665127243647167,0.0059266927485511,OK,1,CLIP,medical
Camelyon17,PubMedCLIP,FT-LP,/project/6101776/nanboy/MedVLMBench/log/diagnosis/Camelyon17/PubMedCLIP/train_lp_seed42/predictions.json,Camelyon17/PubMedCLIP/train_lp_seed42,920,0.9558826014969196,0.9433732719457725,0.9669447068889575,0.0059666689413107,OK,1,CLIP,medical
Camelyon17,SigLIP,ZS,/project/6101776/nanboy/MedVLMBench/log/diagnosis/Camelyon17/SigLIP/eval_seed0/original_pretrained/predictions.json,Camelyon17/SigLIP/eval_seed0/original_pretrained,920,0.5980712778923842,0.5620114070335661,0.6369326550128539,0.018412003577847,OK,1,SigLIP,general
Camelyon17,SigLIP,FT-LoRA,/project/6101776/nanboy/MedVLMBench/log/diagnosis/Camelyon17/SigLIP/train_img-lora-lp_seed42/predictions.json,Camelyon17/SigLIP/train_img-lora-lp_seed42,920,0.9720267294455323,0.9612691934805357,0.980674792816031,0.0048296003205509,OK,1,SigLIP,general
Camelyon17,SigLIP,FT-LP,/project/6101776/nanboy/MedVLMBench/log/diagnosis/Camelyon17/SigLIP/train_lp_seed42/predictions.json,Camelyon17/SigLIP/train_lp_seed42,920,0.9721404635446673,0.961487906968174,0.9807654249647237,0.0048093611444689,OK,1,SigLIP,general
CheXpert,BLIP2-2.7b,ZS,/project/6101776/nanboy/MedVLMBench/log/diagnosis/CheXpert/BLIP2-2.7b/eval_seed0/original_pretrained/predictions.json,CheXpert/BLIP2-2.7b/eval_seed0/original_pretrained,234,0.5702872303981265,0.4605162627285369,0.6730210576692988,0.0556579112017689,OK,1,CLIP,general
CheXpert,BLIP2-2.7b,FT-LoRA,/project/6101776/nanboy/MedVLMBench/log/diagnosis/CheXpert/BLIP2-2.7b/train_img-lora-lp_seed42/predictions.json,CheXpert/BLIP2-2.7b/train_img-lora-lp_seed42,234,0.8595810715639675,0.799213930417557,0.9117241358265794,0.0297327599729813,OK,1,CLIP,general
CheXpert,BLIP2-2.7b,FT-LP,/project/6101776/nanboy/MedVLMBench/log/diagnosis/CheXpert/BLIP2-2.7b/train_lp_seed42/predictions.json,CheXpert/BLIP2-2.7b/train_lp_seed42,234,0.8612307963537223,0.8027657306304645,0.9116656170064336,0.0294112273779402,OK,1,CLIP,general
CheXpert,BioMedCLIP,ZS,/project/6101776/nanboy/MedVLMBench/log/diagnosis/CheXpert/BioMedCLIP/eval_seed0/original_pretrained/predictions.json,CheXpert/BioMedCLIP/eval_seed0/original_pretrained,234,0.6057362491547499,0.5066236034108841,0.7063267223233587,0.0547156164108317,OK,0,CLIP,medical
CheXpert,BioMedCLIP,FT-LoRA,/project/6101776/nanboy/MedVLMBench/log/diagnosis/CheXpert/BioMedCLIP/train_img-lora-lp_seed42/predictions.json,CheXpert/BioMedCLIP/train_img-lora-lp_seed42,234,0.8838693612108088,0.833677643254098,0.9329964278751878,0.026094800802627,OK,0,CLIP,medical
CheXpert,BioMedCLIP,FT-LP,/project/6101776/nanboy/MedVLMBench/log/diagnosis/CheXpert/BioMedCLIP/train_lp_seed42/predictions.json,CheXpert/BioMedCLIP/train_lp_seed42,234,0.8853787810892721,0.8345297649317552,0.9342458638337086,0.0259839187114353,OK,0,CLIP,medical
CheXpert,CLIP,ZS,/project/6101776/nanboy/MedVLMBench/log/diagnosis/CheXpert/CLIP/eval_seed0/original_pretrained/predictions.json,CheXpert/CLIP/eval_seed0/original_pretrained,234,0.4076341958440569,0.31477129059388476,0.5022529851782429,0.0495602843687792,OK,1,CLIP,general
CheXpert,CLIP,FT-LoRA,/project/6101776/nanboy/MedVLMBench/log/diagnosis/CheXpert/CLIP/train_img-lora-lp_seed42/predictions.json,CheXpert/CLIP/train_img-lora-lp_seed42,234,0.8228245879888719,0.7493475752436801,0.890852654685142,0.0354310471760953,OK,1,CLIP,general
CheXpert,CLIP,FT-LP,/project/6101776/nanboy/MedVLMBench/log/diagnosis/CheXpert/CLIP/train_lp_seed42/predictions.json,CheXpert/CLIP/train_lp_seed42,234,0.8223139377531402,0.7505795230322889,0.8887741802716421,0.0351858420053116,OK,1,CLIP,general
CheXpert,MedCLIP,ZS,/project/6101776/nanboy/MedVLMBench/log/diagnosis/CheXpert/MedCLIP/eval_seed0/original_pretrained/predictions.json,CheXpert/MedCLIP/eval_seed0/original_pretrained,234,0.9047071672526854,0.847105175822363,0.9517654446946243,0.0275165160224934,OK,0,CLIP,medical
CheXpert,MedCLIP,FT-LoRA,/project/6101776/nanboy/MedVLMBench/log/diagnosis/CheXpert/MedCLIP/train_img-lora-lp_seed42/predictions.json,CheXpert/MedCLIP/train_img-lora-lp_seed42,234,0.86622929320199,0.8187829473894822,0.911416498289324,0.0241612001796714,OK,0,CLIP,medical
CheXpert,MedCLIP,FT-LP,/project/6101776/nanboy/MedVLMBench/log/diagnosis/CheXpert/MedCLIP/train_lp_seed42/predictions.json,CheXpert/MedCLIP/train_lp_seed42,234,0.8687632278459886,0.8198221293266288,0.9135756281982231,0.024386803162547,OK,0,CLIP,medical
CheXpert,MedSigLIP,ZS,/project/6101776/nanboy/MedVLMBench/log/diagnosis/CheXpert/MedSigLIP/eval_seed0/original_pretrained/predictions.json,CheXpert/MedSigLIP/eval_seed0/original_pretrained,234,0.6248750020030752,0.5250176913488466,0.7162523353201578,0.0495578112653687,OK,0,SigLIP,medical
CheXpert,MedSigLIP,FT-LoRA,/project/6101776/nanboy/MedVLMBench/log/diagnosis/CheXpert/MedSigLIP/train_img-lora-lp_seed42/predictions.json,CheXpert/MedSigLIP/train_img-lora-lp_seed42,234,0.8883438906519564,0.8419527680152942,0.9309664694280079,0.0229605095312171,OK,0,SigLIP,medical
CheXpert,MedSigLIP,FT-LP,/project/6101776/nanboy/MedVLMBench/log/diagnosis/CheXpert/MedSigLIP/train_lp_seed42/predictions.json,CheXpert/MedSigLIP/train_lp_seed42,234,0.8894340459242484,0.8429932794084019,0.9318808629232912,0.0228651191441824,OK,0,SigLIP,medical
CheXpert,PLIP,ZS,/project/6101776/nanboy/MedVLMBench/log/diagnosis/CheXpert/PLIP/eval_seed0/original_pretrained/predictions.json,CheXpert/PLIP/eval_seed0/original_pretrained,234,0.46738167059585584,0.36028378882430934,0.5674965691698434,0.0546472422828895,OK,1,CLIP,medical
CheXpert,PLIP,FT-LoRA,/project/6101776/nanboy/MedVLMBench/log/diagnosis/CheXpert/PLIP/train_img-lora-lp_seed42/predictions.json,CheXpert/PLIP/train_img-lora-lp_seed42,234,0.8493247753660526,0.7877294518159903,0.9054851060090633,0.0311812550561514,OK,1,CLIP,medical
CheXpert,PLIP,FT-LP,/project/6101776/nanboy/MedVLMBench/log/diagnosis/CheXpert/PLIP/train_lp_seed42/predictions.json,CheXpert/PLIP/train_lp_seed42,234,0.8488403687052287,0.7875714924543049,0.9045206690866106,0.0310370641003587,OK,1,CLIP,medical
CheXpert,PubMedCLIP,ZS,/project/6101776/nanboy/MedVLMBench/log/diagnosis/CheXpert/PubMedCLIP/eval_seed0/original_pretrained/predictions.json,CheXpert/PubMedCLIP/eval_seed0/original_pretrained,234,0.7660631604683455,0.6895969337012444,0.8377946364243521,0.0384284925711841,OK,0,CLIP,medical
CheXpert,PubMedCLIP,FT-LoRA,/project/6101776/nanboy/MedVLMBench/log/diagnosis/CheXpert/PubMedCLIP/train_img-lora-lp_seed42/predictions.json,CheXpert/PubMedCLIP/train_img-lora-lp_seed42,234,0.8445365137442123,0.7724349259717455,0.9050073529411765,0.0351166036315391,OK,0,CLIP,medical
CheXpert,PubMedCLIP,FT-LP,/project/6101776/nanboy/MedVLMBench/log/diagnosis/CheXpert/PubMedCLIP/train_lp_seed42/predictions.json,CheXpert/PubMedCLIP/train_lp_seed42,234,0.8428714088006056,0.7692438525953122,0.9038545017471934,0.0354989378286341,OK,0,CLIP,medical
CheXpert,SigLIP,ZS,/project/6101776/nanboy/MedVLMBench/log/diagnosis/CheXpert/SigLIP/eval_seed0/original_pretrained/predictions.json,CheXpert/SigLIP/eval_seed0/original_pretrained,234,0.5339807027732919,0.4382582730659654,0.6363071295079081,0.0497546777945701,OK,1,SigLIP,general
CheXpert,SigLIP,FT-LoRA,/project/6101776/nanboy/MedVLMBench/log/diagnosis/CheXpert/SigLIP/train_img-lora-lp_seed42/predictions.json,CheXpert/SigLIP/train_img-lora-lp_seed42,234,0.8528186598440545,0.7927766279634837,0.9075102656194057,0.0315532092287501,OK,1,SigLIP,general
CheXpert,SigLIP,FT-LP,/project/6101776/nanboy/MedVLMBench/log/diagnosis/CheXpert/SigLIP/train_lp_seed42/predictions.json,CheXpert/SigLIP/train_lp_seed42,234,0.8534538184910372,0.7920087851510955,0.9085444567334279,0.0314183566056281,OK,1,SigLIP,general
GF3300,BLIP2-2.7b,ZS,/project/6101776/nanboy/MedVLMBench/log/diagnosis/GF3300/BLIP2-2.7b/eval_seed0/original_pretrained/predictions.json,GF3300/BLIP2-2.7b/eval_seed0/original_pretrained,594,0.36875093018886707,0.3248802132481613,0.41355377576968483,0.0236388860191086,OK,1,CLIP,general
GF3300,BLIP2-2.7b,FT-LoRA,/project/6101776/nanboy/MedVLMBench/log/diagnosis/GF3300/BLIP2-2.7b/train_img-lora-lp_seed42/predictions.json,GF3300/BLIP2-2.7b/train_img-lora-lp_seed42,594,0.8134877320926616,0.7792351830695255,0.8463191325065489,0.0177320547222612,OK,1,CLIP,general
GF3300,BLIP2-2.7b,FT-LP,/project/6101776/nanboy/MedVLMBench/log/diagnosis/GF3300/BLIP2-2.7b/train_lp_seed42/predictions.json,GF3300/BLIP2-2.7b/train_lp_seed42,594,0.8107281102390318,0.7758262368926098,0.8445575442807381,0.0178130759350211,OK,1,CLIP,general
GF3300,BioMedCLIP,ZS,/project/6101776/nanboy/MedVLMBench/log/diagnosis/GF3300/BioMedCLIP/eval_seed0/original_pretrained/predictions.json,GF3300/BioMedCLIP/eval_seed0/original_pretrained,594,0.4790332068591998,0.4338847703391394,0.5252313014766404,0.0241444035544567,OK,1,CLIP,medical
GF3300,BioMedCLIP,FT-LoRA,/project/6101776/nanboy/MedVLMBench/log/diagnosis/GF3300/BioMedCLIP/train_img-lora-lp_seed42/predictions.json,GF3300/BioMedCLIP/train_img-lora-lp_seed42,594,0.8167762599234097,0.784037046611297,0.8491329733396502,0.0169570913975914,OK,1,CLIP,medical
GF3300,BioMedCLIP,FT-LP,/project/6101776/nanboy/MedVLMBench/log/diagnosis/GF3300/BioMedCLIP/train_lp_seed42/predictions.json,GF3300/BioMedCLIP/train_lp_seed42,594,0.8173856370265703,0.7823808648935288,0.8494774666410128,0.0171906295173442,OK,1,CLIP,medical
GF3300,CLIP,ZS,/project/6101776/nanboy/MedVLMBench/log/diagnosis/GF3300/CLIP/eval_seed0/original_pretrained/predictions.json,GF3300/CLIP/eval_seed0/original_pretrained,594,0.47599751859788453,0.4326172217951343,0.5213317310374308,0.023927705837255,OK,1,CLIP,general
GF3300,CLIP,FT-LoRA,/project/6101776/nanboy/MedVLMBench/log/diagnosis/GF3300/CLIP/train_img-lora-lp_seed42/predictions.json,GF3300/CLIP/train_img-lora-lp_seed42,594,0.7915830491595498,0.7564512798551611,0.8277740712812098,0.0180488109486663,OK,1,CLIP,general
GF3300,CLIP,FT-LP,/project/6101776/nanboy/MedVLMBench/log/diagnosis/GF3300/CLIP/train_lp_seed42/predictions.json,GF3300/CLIP/train_lp_seed42,594,0.7908489735657687,0.7556233174610977,0.8261975693135083,0.018169711558572,OK,1,CLIP,general
GF3300,MedCLIP,ZS,/project/6101776/nanboy/MedVLMBench/log/diagnosis/GF3300/MedCLIP/eval_seed0/original_pretrained/predictions.json,GF3300/MedCLIP/eval_seed0/original_pretrained,594,0.3807484465189012,0.3345782726866809,0.4279970421783545,0.0226961194233014,OK,1,CLIP,medical
GF3300,MedCLIP,FT-LoRA,/project/6101776/nanboy/MedVLMBench/log/diagnosis/GF3300/MedCLIP/train_img-lora-lp_seed42/predictions.json,GF3300/MedCLIP/train_img-lora-lp_seed42,594,0.706873549874228,0.6657148946407005,0.744845857189353,0.0208507680710713,OK,1,CLIP,medical
GF3300,MedCLIP,FT-LP,/project/6101776/nanboy/MedVLMBench/log/diagnosis/GF3300/MedCLIP/train_lp_seed42/predictions.json,GF3300/MedCLIP/train_lp_seed42,594,0.7101962811556739,0.6699970774324492,0.7503812236452184,0.0205243195208284,OK,1,CLIP,medical
GF3300,MedSigLIP,ZS,/project/6101776/nanboy/MedVLMBench/log/diagnosis/GF3300/MedSigLIP/eval_seed0/original_pretrained/predictions.json,GF3300/MedSigLIP/eval_seed0/original_pretrained,594,0.5446192777793205,0.49802682159846207,0.5920786780662576,0.0241118378389028,OK,1,SigLIP,medical
GF3300,MedSigLIP,FT-LoRA,/project/6101776/nanboy/MedVLMBench/log/diagnosis/GF3300/MedSigLIP/train_img-lora-lp_seed42/predictions.json,GF3300/MedSigLIP/train_img-lora-lp_seed42,594,0.7618567214785086,0.7237449022171244,0.7982344529729242,0.0195847976937078,OK,1,SigLIP,medical
GF3300,MedSigLIP,FT-LP,/project/6101776/nanboy/MedVLMBench/log/diagnosis/GF3300/MedSigLIP/train_lp_seed42/predictions.json,GF3300/MedSigLIP/train_lp_seed42,594,0.764516319340585,0.7264417400781038,0.8000653183086034,0.0195443235398116,OK,1,SigLIP,medical
GF3300,PLIP,ZS,/project/6101776/nanboy/MedVLMBench/log/diagnosis/GF3300/PLIP/eval_seed0/original_pretrained/predictions.json,GF3300/PLIP/eval_seed0/original_pretrained,594,0.3633049233370669,0.31918341507953896,0.40576041483034814,0.0228164772001423,OK,1,CLIP,medical
GF3300,PLIP,FT-LoRA,/project/6101776/nanboy/MedVLMBench/log/diagnosis/GF3300/PLIP/train_img-lora-lp_seed42/predictions.json,GF3300/PLIP/train_img-lora-lp_seed42,594,0.7812021219820067,0.7409544654142758,0.8162488085511982,0.018434592298081,OK,1,CLIP,medical
GF3300,PLIP,FT-LP,/project/6101776/nanboy/MedVLMBench/log/diagnosis/GF3300/PLIP/train_lp_seed42/predictions.json,GF3300/PLIP/train_lp_seed42,594,0.781530540810719,0.7412457106371123,0.816992172230882,0.0184423371155734,OK,1,CLIP,medical
GF3300,PubMedCLIP,ZS,/project/6101776/nanboy/MedVLMBench/log/diagnosis/GF3300/PubMedCLIP/eval_seed0/original_pretrained/predictions.json,GF3300/PubMedCLIP/eval_seed0/original_pretrained,594,0.4137583022691523,0.3699952369034453,0.4582789194376525,0.0236798825459996,OK,1,CLIP,medical
GF3300,PubMedCLIP,FT-LoRA,/project/6101776/nanboy/MedVLMBench/log/diagnosis/GF3300/PubMedCLIP/train_img-lora-lp_seed42/predictions.json,GF3300/PubMedCLIP/train_img-lora-lp_seed42,594,0.7673492732769196,0.7312838131823077,0.8037201901950191,0.0187466874073012,OK,1,CLIP,medical
GF3300,PubMedCLIP,FT-LP,/project/6101776/nanboy/MedVLMBench/log/diagnosis/GF3300/PubMedCLIP/train_lp_seed42/predictions.json,GF3300/PubMedCLIP/train_lp_seed42,594,0.7707021196181597,0.7347632309135111,0.8057134957984096,0.0185408677455202,OK,1,CLIP,medical
GF3300,SigLIP,ZS,/project/6101776/nanboy/MedVLMBench/log/diagnosis/GF3300/SigLIP/eval_seed0/original_pretrained/predictions.json,GF3300/SigLIP/eval_seed0/original_pretrained,594,0.5529504423939813,0.5075029269972451,0.5993715995066717,0.0233454389838102,OK,1,SigLIP,general
GF3300,SigLIP,FT-LoRA,/project/6101776/nanboy/MedVLMBench/log/diagnosis/GF3300/SigLIP/train_img-lora-lp_seed42/predictions.json,GF3300/SigLIP/train_img-lora-lp_seed42,594,0.7773721263649095,0.7400479476802181,0.8112469644195476,0.018371788951906,OK,1,SigLIP,general
GF3300,SigLIP,FT-LP,/project/6101776/nanboy/MedVLMBench/log/diagnosis/GF3300/SigLIP/train_lp_seed42/predictions.json,GF3300/SigLIP/train_lp_seed42,594,0.7721870670554813,0.7353977836163289,0.8075065073890052,0.0184939115985731,OK,1,SigLIP,general
HAM10000,BLIP2-2.7b,ZS,/project/6101776/nanboy/MedVLMBench/log/diagnosis/HAM10000/BLIP2-2.7b/eval_seed0/original_pretrained/predictions.json,HAM10000/BLIP2-2.7b/eval_seed0/original_pretrained,1811,0.5412902696668196,0.49940539181163063,0.583604580223302,0.0200595793703992,OK,1,CLIP,general
HAM10000,BLIP2-2.7b,FT-LoRA,/project/6101776/nanboy/MedVLMBench/log/diagnosis/HAM10000/BLIP2-2.7b/train_img-lora-lp_seed42/predictions.json,HAM10000/BLIP2-2.7b/train_img-lora-lp_seed42,1811,0.8756877966584968,0.8574958251279606,0.8928333565184712,0.0090874566786967,OK,1,CLIP,general
HAM10000,BLIP2-2.7b,FT-LP,/project/6101776/nanboy/MedVLMBench/log/diagnosis/HAM10000/BLIP2-2.7b/train_lp_seed42/predictions.json,HAM10000/BLIP2-2.7b/train_lp_seed42,1811,0.876300572680699,0.8575912505946127,0.8928951788189895,0.009029575497402,OK,1,CLIP,general
HAM10000,BioMedCLIP,ZS,/project/6101776/nanboy/MedVLMBench/log/diagnosis/HAM10000/BioMedCLIP/eval_seed0/original_pretrained/predictions.json,HAM10000/BioMedCLIP/eval_seed0/original_pretrained,1811,0.5676073362569628,0.5326431774529548,0.602881660962493,0.0188069173172221,OK,0,CLIP,medical
HAM10000,BioMedCLIP,FT-LoRA,/project/6101776/nanboy/MedVLMBench/log/diagnosis/HAM10000/BioMedCLIP/train_img-lora-lp_seed42/predictions.json,HAM10000/BioMedCLIP/train_img-lora-lp_seed42,1811,0.8700917121831783,0.8504795723805864,0.8881860678320452,0.0099203196884001,OK,0,CLIP,medical
HAM10000,BioMedCLIP,FT-LP,/project/6101776/nanboy/MedVLMBench/log/diagnosis/HAM10000/BioMedCLIP/train_lp_seed42/predictions.json,HAM10000/BioMedCLIP/train_lp_seed42,1811,0.8655035604000418,0.8467433546144559,0.8836720969067232,0.0101567569983825,OK,0,CLIP,medical
HAM10000,CLIP,ZS,/project/6101776/nanboy/MedVLMBench/log/diagnosis/HAM10000/CLIP/eval_seed0/original_pretrained/predictions.json,HAM10000/CLIP/eval_seed0/original_pretrained,1811,0.46430546597839806,0.4289732930556172,0.5035168500253087,0.0201364494656325,OK,1,CLIP,general
HAM10000,CLIP,FT-LoRA,/project/6101776/nanboy/MedVLMBench/log/diagnosis/HAM10000/CLIP/train_img-lora-lp_seed42/predictions.json,HAM10000/CLIP/train_img-lora-lp_seed42,1811,0.8376770678440177,0.8167127993383096,0.8581776682288443,0.0109834724309076,OK,1,CLIP,general
HAM10000,CLIP,FT-LP,/project/6101776/nanboy/MedVLMBench/log/diagnosis/HAM10000/CLIP/train_lp_seed42/predictions.json,HAM10000/CLIP/train_lp_seed42,1811,0.838885749191663,0.8184116615770357,0.8585535387806227,0.0108444600829578,OK,1,CLIP,general
HAM10000,MedCLIP,ZS,/project/6101776/nanboy/MedVLMBench/log/diagnosis/HAM10000/MedCLIP/eval_seed0/original_pretrained/predictions.json,HAM10000/MedCLIP/eval_seed0/original_pretrained,1811,0.48761600522307497,0.44837154750058583,0.5287767364966302,0.0208751298121303,OK,1,CLIP,medical
HAM10000,MedCLIP,FT-LoRA,/project/6101776/nanboy/MedVLMBench/log/diagnosis/HAM10000/MedCLIP/train_img-lora-lp_seed42/predictions.json,HAM10000/MedCLIP/train_img-lora-lp_seed42,1811,0.741401735333087,0.7114753662684478,0.7712259565614784,0.0158562793488378,OK,1,CLIP,medical
HAM10000,MedCLIP,FT-LP,/project/6101776/nanboy/MedVLMBench/log/diagnosis/HAM10000/MedCLIP/train_lp_seed42/predictions.json,HAM10000/MedCLIP/train_lp_seed42,1811,0.7358093833363639,0.7033058834547689,0.7646426223171094,0.0164278406481139,OK,1,CLIP,medical
HAM10000,MedSigLIP,ZS,/project/6101776/nanboy/MedVLMBench/log/diagnosis/HAM10000/MedSigLIP/eval_seed0/original_pretrained/predictions.json,HAM10000/MedSigLIP/eval_seed0/original_pretrained,1811,0.5254907638618408,0.49206273291531194,0.5592185309343186,0.0190610847030791,OK,0,SigLIP,medical
HAM10000,MedSigLIP,FT-LoRA,/project/6101776/nanboy/MedVLMBench/log/diagnosis/HAM10000/MedSigLIP/train_img-lora-lp_seed42/predictions.json,HAM10000/MedSigLIP/train_img-lora-lp_seed42,1811,0.8638605317750336,0.8436059296993956,0.8816839646404451,0.0097327626497721,OK,0,SigLIP,medical
HAM10000,MedSigLIP,FT-LP,/project/6101776/nanboy/MedVLMBench/log/diagnosis/HAM10000/MedSigLIP/train_lp_seed42/predictions.json,HAM10000/MedSigLIP/train_lp_seed42,1811,0.8622744443297595,0.8424261952124739,0.880569020461573,0.0098205735138839,OK,0,SigLIP,medical
HAM10000,PLIP,ZS,/project/6101776/nanboy/MedVLMBench/log/diagnosis/HAM10000/PLIP/eval_seed0/original_pretrained/predictions.json,HAM10000/PLIP/eval_seed0/original_pretrained,1811,0.45737658476143533,0.42232683842444324,0.49435620538058356,0.0196191314396877,OK,1,CLIP,medical
HAM10000,PLIP,FT-LoRA,/project/6101776/nanboy/MedVLMBench/log/diagnosis/HAM10000/PLIP/train_img-lora-lp_seed42/predictions.json,HAM10000/PLIP/train_img-lora-lp_seed42,1811,0.8431323332399272,0.8215366372843826,0.8627643250392583,0.0102164280603173,OK,1,CLIP,medical
HAM10000,PLIP,FT-LP,/project/6101776/nanboy/MedVLMBench/log/diagnosis/HAM10000/PLIP/train_lp_seed42/predictions.json,HAM10000/PLIP/train_lp_seed42,1811,0.8434327559111532,0.8225198586097558,0.8626843227428093,0.0100413160356744,OK,1,CLIP,medical
HAM10000,PubMedCLIP,ZS,/project/6101776/nanboy/MedVLMBench/log/diagnosis/HAM10000/PubMedCLIP/eval_seed0/original_pretrained/predictions.json,HAM10000/PubMedCLIP/eval_seed0/original_pretrained,1811,0.4125162085307057,0.37861292297874866,0.44783059579335505,0.0189611472715437,OK,1,CLIP,medical
HAM10000,PubMedCLIP,FT-LoRA,/project/6101776/nanboy/MedVLMBench/log/diagnosis/HAM10000/PubMedCLIP/train_img-lora-lp_seed42/predictions.json,HAM10000/PubMedCLIP/train_img-lora-lp_seed42,1811,0.8398803903367348,0.8192158136441695,0.860407839256312,0.0111835789199863,OK,1,CLIP,medical
HAM10000,PubMedCLIP,FT-LP,/project/6101776/nanboy/MedVLMBench/log/diagnosis/HAM10000/PubMedCLIP/train_lp_seed42/predictions.json,HAM10000/PubMedCLIP/train_lp_seed42,1811,0.8413645021064047,0.8210759517403028,0.8613803587942419,0.0111240271027404,OK,1,CLIP,medical
HAM10000,SigLIP,ZS,/project/6101776/nanboy/MedVLMBench/log/diagnosis/HAM10000/SigLIP/eval_seed0/original_pretrained/predictions.json,HAM10000/SigLIP/eval_seed0/original_pretrained,1811,0.4694338784933618,0.43261233418871803,0.5059463569184488,0.0186476836335927,OK,1,SigLIP,general
HAM10000,SigLIP,FT-LoRA,/project/6101776/nanboy/MedVLMBench/log/diagnosis/HAM10000/SigLIP/train_img-lora-lp_seed42/predictions.json,HAM10000/SigLIP/train_img-lora-lp_seed42,1811,0.8669564373943274,0.8471513133871116,0.8854708583767862,0.0093651151514215,OK,1,SigLIP,general
HAM10000,SigLIP,FT-LP,/project/6101776/nanboy/MedVLMBench/log/diagnosis/HAM10000/SigLIP/train_lp_seed42/predictions.json,HAM10000/SigLIP/train_lp_seed42,1811,0.8734825079055931,0.8540773183508115,0.8910498847655771,0.0091136483512006,OK,1,SigLIP,general
HarvardFairVLMed10k,BLIP2-2.7b,ZS,/project/6101776/nanboy/MedVLMBench/log/diagnosis/HarvardFairVLMed10k/BLIP2-2.7b/eval_seed0/original_pretrained/predictions.json,HarvardFairVLMed10k/BLIP2-2.7b/eval_seed0/original_pretrained,1746,0.3922895101404058,0.3648880065760769,0.41806819017552094,0.0136453167544049,OK,1,CLIP,general
HarvardFairVLMed10k,BLIP2-2.7b,FT-LoRA,/project/6101776/nanboy/MedVLMBench/log/diagnosis/HarvardFairVLMed10k/BLIP2-2.7b/train_img-lora-lp_seed42/predictions.json,HarvardFairVLMed10k/BLIP2-2.7b/train_img-lora-lp_seed42,1746,0.7198416327248003,0.6958378755836325,0.7433679947012141,0.0126561124285159,OK,1,CLIP,general
HarvardFairVLMed10k,BLIP2-2.7b,FT-LP,/project/6101776/nanboy/MedVLMBench/log/diagnosis/HarvardFairVLMed10k/BLIP2-2.7b/train_lp_seed42/predictions.json,HarvardFairVLMed10k/BLIP2-2.7b/train_lp_seed42,1746,0.7183210398876534,0.6941368684742323,0.7416938522659048,0.0126671203229948,OK,1,CLIP,general
HarvardFairVLMed10k,BioMedCLIP,ZS,/project/6101776/nanboy/MedVLMBench/log/diagnosis/HarvardFairVLMed10k/BioMedCLIP/eval_seed0/original_pretrained/predictions.json,HarvardFairVLMed10k/BioMedCLIP/eval_seed0/original_pretrained,1746,0.5435597819096415,0.5165038153006924,0.5692525552191338,0.0137320562556138,OK,1,CLIP,medical
HarvardFairVLMed10k,BioMedCLIP,FT-LoRA,/project/6101776/nanboy/MedVLMBench/log/diagnosis/HarvardFairVLMed10k/BioMedCLIP/train_img-lora-lp_seed42/predictions.json,HarvardFairVLMed10k/BioMedCLIP/train_img-lora-lp_seed42,1746,0.7185067922868709,0.6954758471300996,0.7418986233503216,0.0126104288861659,OK,1,CLIP,medical
HarvardFairVLMed10k,BioMedCLIP,FT-LP,/project/6101776/nanboy/MedVLMBench/log/diagnosis/HarvardFairVLMed10k/BioMedCLIP/train_lp_seed42/predictions.json,HarvardFairVLMed10k/BioMedCLIP/train_lp_seed42,1746,0.7182315675213496,0.6939027591970202,0.7420173714162167,0.0125492028066503,OK,1,CLIP,medical
HarvardFairVLMed10k,CLIP,ZS,/project/6101776/nanboy/MedVLMBench/log/diagnosis/HarvardFairVLMed10k/CLIP/eval_seed0/original_pretrained/predictions.json,HarvardFairVLMed10k/CLIP/eval_seed0/original_pretrained,1746,0.5804997363612989,0.5530628216734765,0.6061251588951123,0.0137060048993826,OK,1,CLIP,general
HarvardFairVLMed10k,CLIP,FT-LoRA,/project/6101776/nanboy/MedVLMBench/log/diagnosis/HarvardFairVLMed10k/CLIP/train_img-lora-lp_seed42/predictions.json,HarvardFairVLMed10k/CLIP/train_img-lora-lp_seed42,1746,0.686240580793959,0.660505712087559,0.7101247260966,0.0126973396415143,OK,1,CLIP,general
HarvardFairVLMed10k,CLIP,FT-LP,/project/6101776/nanboy/MedVLMBench/log/diagnosis/HarvardFairVLMed10k/CLIP/train_lp_seed42/predictions.json,HarvardFairVLMed10k/CLIP/train_lp_seed42,1746,0.6838727524596222,0.6592212885600305,0.7079623727351869,0.0126476784425092,OK,1,CLIP,general
HarvardFairVLMed10k,MedCLIP,ZS,/project/6101776/nanboy/MedVLMBench/log/diagnosis/HarvardFairVLMed10k/MedCLIP/eval_seed0/original_pretrained/predictions.json,HarvardFairVLMed10k/MedCLIP/eval_seed0/original_pretrained,1746,0.5211907437757843,0.49417874829301495,0.5485461316207608,0.0141641379536276,OK,1,CLIP,medical
HarvardFairVLMed10k,MedCLIP,FT-LoRA,/project/6101776/nanboy/MedVLMBench/log/diagnosis/HarvardFairVLMed10k/MedCLIP/train_img-lora-lp_seed42/predictions.json,HarvardFairVLMed10k/MedCLIP/train_img-lora-lp_seed42,1746,0.6161013037357469,0.5898863950054614,0.6437467464926071,0.013733971008771,OK,1,CLIP,medical
HarvardFairVLMed10k,MedCLIP,FT-LP,/project/6101776/nanboy/MedVLMBench/log/diagnosis/HarvardFairVLMed10k/MedCLIP/train_lp_seed42/predictions.json,HarvardFairVLMed10k/MedCLIP/train_lp_seed42,1746,0.6111805258629904,0.5831444743070752,0.6395455205511669,0.0137699810750417,OK,1,CLIP,medical
HarvardFairVLMed10k,MedSigLIP,ZS,/project/6101776/nanboy/MedVLMBench/log/diagnosis/HarvardFairVLMed10k/MedSigLIP/eval_seed0/original_pretrained/predictions.json,HarvardFairVLMed10k/MedSigLIP/eval_seed0/original_pretrained,1746,0.5965156573009618,0.5713676390270575,0.6222988824309621,0.0138311261421698,OK,1,SigLIP,medical
HarvardFairVLMed10k,MedSigLIP,FT-LoRA,/project/6101776/nanboy/MedVLMBench/log/diagnosis/HarvardFairVLMed10k/MedSigLIP/train_img-lora-lp_seed42/predictions.json,HarvardFairVLMed10k/MedSigLIP/train_img-lora-lp_seed42,1746,0.7356021080468813,0.7119552494419498,0.7597438478226161,0.0122350570308586,OK,1,SigLIP,medical
HarvardFairVLMed10k,MedSigLIP,FT-LP,/project/6101776/nanboy/MedVLMBench/log/diagnosis/HarvardFairVLMed10k/MedSigLIP/train_lp_seed42/predictions.json,HarvardFairVLMed10k/MedSigLIP/train_lp_seed42,1746,0.7351587787945953,0.7112587411359614,0.7595997961040954,0.0122547981610546,OK,1,SigLIP,medical
HarvardFairVLMed10k,PLIP,ZS,/project/6101776/nanboy/MedVLMBench/log/diagnosis/HarvardFairVLMed10k/PLIP/eval_seed0/original_pretrained/predictions.json,HarvardFairVLMed10k/PLIP/eval_seed0/original_pretrained,1746,0.46209982568678953,0.43556839104756845,0.48929569326114114,0.0135762104651957,OK,1,CLIP,medical
HarvardFairVLMed10k,PLIP,FT-LoRA,/project/6101776/nanboy/MedVLMBench/log/diagnosis/HarvardFairVLMed10k/PLIP/train_img-lora-lp_seed42/predictions.json,HarvardFairVLMed10k/PLIP/train_img-lora-lp_seed42,1746,0.6901318892370633,0.6656534521497196,0.7150622907758232,0.0127156870104225,OK,1,CLIP,medical
HarvardFairVLMed10k,PLIP,FT-LP,/project/6101776/nanboy/MedVLMBench/log/diagnosis/HarvardFairVLMed10k/PLIP/train_lp_seed42/predictions.json,HarvardFairVLMed10k/PLIP/train_lp_seed42,1746,0.6919438706528943,0.6675106966385844,0.7172375983449146,0.0126933035540421,OK,1,CLIP,medical
HarvardFairVLMed10k,PubMedCLIP,ZS,/project/6101776/nanboy/MedVLMBench/log/diagnosis/HarvardFairVLMed10k/PubMedCLIP/eval_seed0/original_pretrained/predictions.json,HarvardFairVLMed10k/PubMedCLIP/eval_seed0/original_pretrained,1746,0.46007937408289895,0.43477253074670835,0.48578108403571596,0.013400142203601,OK,1,CLIP,medical
HarvardFairVLMed10k,PubMedCLIP,FT-LoRA,/project/6101776/nanboy/MedVLMBench/log/diagnosis/HarvardFairVLMed10k/PubMedCLIP/train_img-lora-lp_seed42/predictions.json,HarvardFairVLMed10k/PubMedCLIP/train_img-lora-lp_seed42,1746,0.6940478401966046,0.6686371299714718,0.7180832720189068,0.012829142968731,OK,1,CLIP,medical
HarvardFairVLMed10k,PubMedCLIP,FT-LP,/project/6101776/nanboy/MedVLMBench/log/diagnosis/HarvardFairVLMed10k/PubMedCLIP/train_lp_seed42/predictions.json,HarvardFairVLMed10k/PubMedCLIP/train_lp_seed42,1746,0.6910261929386481,0.6662467199233006,0.7161380176625586,0.012814390550692,OK,1,CLIP,medical
HarvardFairVLMed10k,SigLIP,ZS,/project/6101776/nanboy/MedVLMBench/log/diagnosis/HarvardFairVLMed10k/SigLIP/eval_seed0/original_pretrained/predictions.json,HarvardFairVLMed10k/SigLIP/eval_seed0/original_pretrained,1746,0.5303012899177784,0.503210740758474,0.5555131034639665,0.0139137184522732,OK,1,SigLIP,general
HarvardFairVLMed10k,SigLIP,FT-LoRA,/project/6101776/nanboy/MedVLMBench/log/diagnosis/HarvardFairVLMed10k/SigLIP/train_img-lora-lp_seed42/predictions.json,HarvardFairVLMed10k/SigLIP/train_img-lora-lp_seed42,1746,0.7104385130817927,0.6850214269855079,0.7335471997932809,0.0125340280729636,OK,1,SigLIP,general
HarvardFairVLMed10k,SigLIP,FT-LP,/project/6101776/nanboy/MedVLMBench/log/diagnosis/HarvardFairVLMed10k/SigLIP/train_lp_seed42/predictions.json,HarvardFairVLMed10k/SigLIP/train_lp_seed42,1746,0.714311206257832,0.6895599725968153,0.7373094651635532,0.0124587095032858,OK,1,SigLIP,general
PAPILA,BLIP2-2.7b,ZS,/project/6101776/nanboy/MedVLMBench/log/diagnosis/PAPILA/BLIP2-2.7b/eval_seed0/original_pretrained/predictions.json,PAPILA/BLIP2-2.7b/eval_seed0/original_pretrained,56,0.3994744275979523,0.2005078125,0.6033443396226416,0.1126356180351145,OK,1,CLIP,general
PAPILA,BLIP2-2.7b,FT-LoRA,/project/6101776/nanboy/MedVLMBench/log/diagnosis/PAPILA/BLIP2-2.7b/train_img-lora-lp_seed42/predictions.json,PAPILA/BLIP2-2.7b/train_img-lora-lp_seed42,56,0.9396236391342426,0.8645430940233236,0.9892744670542636,0.0332618327075187,OK,1,CLIP,general
PAPILA,BLIP2-2.7b,FT-LP,/project/6101776/nanboy/MedVLMBench/log/diagnosis/PAPILA/BLIP2-2.7b/train_lp_seed42/predictions.json,PAPILA/BLIP2-2.7b/train_lp_seed42,56,0.8667061190084567,0.7366338383838384,0.9678062052743175,0.0636807068424599,OK,1,CLIP,general
PAPILA,BioMedCLIP,ZS,/project/6101776/nanboy/MedVLMBench/log/diagnosis/PAPILA/BioMedCLIP/eval_seed0/original_pretrained/predictions.json,PAPILA/BioMedCLIP/eval_seed0/original_pretrained,56,0.7594970288454552,0.5364159083546838,0.93728688638576,0.1053101025346892,OK,0,CLIP,medical
PAPILA,BioMedCLIP,FT-LoRA,/project/6101776/nanboy/MedVLMBench/log/diagnosis/PAPILA/BioMedCLIP/train_img-lora-lp_seed42/predictions.json,PAPILA/BioMedCLIP/train_img-lora-lp_seed42,56,0.6773356039419954,0.4759252450980392,0.861666443641554,0.1026852796609667,OK,0,CLIP,medical
PAPILA,BioMedCLIP,FT-LP,/project/6101776/nanboy/MedVLMBench/log/diagnosis/PAPILA/BioMedCLIP/train_lp_seed42/predictions.json,PAPILA/BioMedCLIP/train_lp_seed42,56,0.7195465887346095,0.5288411458333333,0.886727191413238,0.0957639138498231,OK,0,CLIP,medical
PAPILA,CLIP,ZS,/project/6101776/nanboy/MedVLMBench/log/diagnosis/PAPILA/CLIP/eval_seed0/original_pretrained/predictions.json,PAPILA/CLIP/eval_seed0/original_pretrained,56,0.5961062775456384,0.37643382352941174,0.796898777173913,0.1119881511025156,OK,1,CLIP,general
PAPILA,CLIP,FT-LoRA,/project/6101776/nanboy/MedVLMBench/log/diagnosis/PAPILA/CLIP/train_img-lora-lp_seed42/predictions.json,PAPILA/CLIP/train_img-lora-lp_seed42,56,0.8004275353733241,0.6559294607330802,0.9294186580882353,0.0727025157991745,OK,1,CLIP,general
PAPILA,CLIP,FT-LP,/project/6101776/nanboy/MedVLMBench/log/diagnosis/PAPILA/CLIP/train_lp_seed42/predictions.json,PAPILA/CLIP/train_lp_seed42,56,0.7576174587916914,0.6195016188714153,0.8902745098039215,0.0752976137854557,OK,1,CLIP,general
PAPILA,MedCLIP,ZS,/project/6101776/nanboy/MedVLMBench/log/diagnosis/PAPILA/MedCLIP/eval_seed0/original_pretrained/predictions.json,PAPILA/MedCLIP/eval_seed0/original_pretrained,56,0.36519160118119826,0.15130023640661938,0.6000390624999999,0.1167480090305692,OK,1,CLIP,medical
PAPILA,MedCLIP,FT-LoRA,/project/6101776/nanboy/MedVLMBench/log/diagnosis/PAPILA/MedCLIP/train_img-lora-lp_seed42/predictions.json,PAPILA/MedCLIP/train_img-lora-lp_seed42,56,0.54823638673897,0.28332070707070706,0.7845376131221719,0.1284850401695507,OK,1,CLIP,medical
PAPILA,MedCLIP,FT-LP,/project/6101776/nanboy/MedVLMBench/log/diagnosis/PAPILA/MedCLIP/train_lp_seed42/predictions.json,PAPILA/MedCLIP/train_lp_seed42,56,0.812902955530926,0.6760885450247152,0.9330111427687957,0.0701070551150202,OK,1,CLIP,medical
PAPILA,MedSigLIP,ZS,/project/6101776/nanboy/MedVLMBench/log/diagnosis/PAPILA/MedSigLIP/eval_seed0/original_pretrained/predictions.json,PAPILA/MedSigLIP/eval_seed0/original_pretrained,56,0.5695083264413114,0.30611644657863146,0.8233671735241501,0.1411039244481435,OK,0,SigLIP,medical
PAPILA,MedSigLIP,FT-LoRA,/project/6101776/nanboy/MedVLMBench/log/diagnosis/PAPILA/MedSigLIP/train_img-lora-lp_seed42/predictions.json,PAPILA/MedSigLIP/train_img-lora-lp_seed42,56,0.9118692293059428,0.8081288494703128,0.9834746232269505,0.0463135178987823,OK,0,SigLIP,medical
PAPILA,MedSigLIP,FT-LP,/project/6101776/nanboy/MedVLMBench/log/diagnosis/PAPILA/MedSigLIP/train_lp_seed42/predictions.json,PAPILA/MedSigLIP/train_lp_seed42,56,0.8776365605743395,0.7682982577860006,0.9583423913043478,0.0512195230326538,OK,0,SigLIP,medical
PAPILA,PLIP,ZS,/project/6101776/nanboy/MedVLMBench/log/diagnosis/PAPILA/PLIP/eval_seed0/original_pretrained/predictions.json,PAPILA/PLIP/eval_seed0/original_pretrained,56,0.5207448202609483,0.33508274251258946,0.7163209219858157,0.1049179182680028,OK,1,CLIP,medical
PAPILA,PLIP,FT-LoRA,/project/6101776/nanboy/MedVLMBench/log/diagnosis/PAPILA/PLIP/train_img-lora-lp_seed42/predictions.json,PAPILA/PLIP/train_img-lora-lp_seed42,56,0.7125855587705886,0.5776515151515151,0.8370108695652173,0.0726645962451074,OK,1,CLIP,medical
PAPILA,PLIP,FT-LP,/project/6101776/nanboy/MedVLMBench/log/diagnosis/PAPILA/PLIP/train_lp_seed42/predictions.json,PAPILA/PLIP/train_lp_seed42,56,0.6731217126694417,0.4895720108695652,0.8392163815880962,0.0910777508515936,OK,1,CLIP,medical
PAPILA,PubMedCLIP,ZS,/project/6101776/nanboy/MedVLMBench/log/diagnosis/PAPILA/PubMedCLIP/eval_seed0/original_pretrained/predictions.json,PAPILA/PubMedCLIP/eval_seed0/original_pretrained,56,0.37908390377371254,0.1379982084810875,0.6400807291666666,0.1295428689703804,OK,1,CLIP,medical
PAPILA,PubMedCLIP,FT-LoRA,/project/6101776/nanboy/MedVLMBench/log/diagnosis/PAPILA/PubMedCLIP/train_img-lora-lp_seed42/predictions.json,PAPILA/PubMedCLIP/train_img-lora-lp_seed42,56,0.7913760195033049,0.6509114583333333,0.9108842844202899,0.0660186514488438,OK,1,CLIP,medical
PAPILA,PubMedCLIP,FT-LP,/project/6101776/nanboy/MedVLMBench/log/diagnosis/PAPILA/PubMedCLIP/train_lp_seed42/predictions.json,PAPILA/PubMedCLIP/train_lp_seed42,56,0.5145183998833852,0.31662172011661804,0.7291999113475177,0.1077145222280959,OK,1,CLIP,medical
PAPILA,SigLIP,ZS,/project/6101776/nanboy/MedVLMBench/log/diagnosis/PAPILA/SigLIP/eval_seed0/original_pretrained/predictions.json,PAPILA/SigLIP/eval_seed0/original_pretrained,56,0.5207767571347044,0.3130298913043478,0.7305673758865248,0.1042831554481314,OK,1,SigLIP,general
PAPILA,SigLIP,FT-LoRA,/project/6101776/nanboy/MedVLMBench/log/diagnosis/PAPILA/SigLIP/train_img-lora-lp_seed42/predictions.json,PAPILA/SigLIP/train_img-lora-lp_seed42,56,0.7159066754756727,0.548388136686009,0.8775523490646259,0.0862079615895882,OK,1,SigLIP,general
PAPILA,SigLIP,FT-LP,/project/6101776/nanboy/MedVLMBench/log/diagnosis/PAPILA/SigLIP/train_lp_seed42/predictions.json,PAPILA/SigLIP/train_lp_seed42,56,0.7106057105684918,0.5299021739130435,0.8627485746071478,0.076679848149892,OK,1,SigLIP,general
