model,task,dataset,model_type,trainable_module,path,have_eval_result,have_prediction,have_gpt_score,model_family,if_finished,error,acc,ci_low,ci_high
Qwen2-VL,vqa,SLAKE,general,ZS,vqa/SLAKE/Qwen2-VL/eval_seed0/Qwen2-VL-7B-Instruct,1,1,1,Qwen,1,,0.7799615384615385,0.7379807692307693,0.8197115384615384
Qwen25-VL,vqa,SLAKE,general,ZS,vqa/SLAKE/Qwen25-VL/eval_seed0/Qwen2.5-VL-7B-Instruct,1,1,1,Qwen,1,,0.7558221153846155,0.7139423076923077,0.7980769230769231
Gemma3,vqa,SLAKE,general,ZS,vqa/SLAKE/Gemma3/eval_seed0/gemma-3-4b-it,1,1,1,Gemma,1,,0.7217788461538462,0.6802884615384616,0.7644230769230769
MedGemma,vqa,SLAKE,medical,ZS,vqa/SLAKE/MedGemma/eval_seed0/medgemma-4b-it,1,1,1,Gemma,1,,0.7705985576923078,0.7307692307692307,0.8100961538461539
InternVL3,vqa,SLAKE,general,ZS,vqa/SLAKE/InternVL3/eval_seed0/InternVL3-8B-hf,1,1,1,Intern,1,,0.7441754807692307,0.7018629807692307,0.7860576923076923
LLaVA-1.5,vqa,SLAKE,general,ZS,vqa-zeroshot/SLAKE/LLaVA-1.5/seed0,1,1,1,LLaVA,1,,0.6399543269230769,0.59609375,0.6875
LLaVA-Med,vqa,SLAKE,medical,ZS,vqa-zeroshot/SLAKE/LLaVA-Med/seed0,1,1,1,LLaVA,1,,0.6234230769230769,0.5793269230769231,0.6682692307692307
gemini-2.5-pro,vqa,SLAKE,medical,ZS,vqa/SLAKE/gemini-2.5-pro/eval_seed0/none,1,1,1,Gemini,1,,0.8724783653846154,0.8389423076923077,0.9038461538461539
o3,vqa,SLAKE,medical,ZS,vqa/SLAKE/o3/eval_seed0/none,1,1,1,o-family,1,,0.8167524038461538,0.7788461538461539,0.8510216346153845
Lingshu,vqa,SLAKE,medical,ZS,vqa/SLAKE/Lingshu/eval_seed0/Lingshu-7B,1,1,1,Qwen,1,,0.7769447115384616,0.7355769230769231,0.8149038461538461
Qwen2-VL,vqa,PathVQA,general,ZS,vqa/PathVQA/Qwen2-VL/eval_seed0/Qwen2-VL-7B-Instruct,1,1,1,Qwen,1,,0.6827439024390244,0.6665600832837597,0.6983938132064248
Qwen25-VL,vqa,PathVQA,general,ZS,vqa/PathVQA/Qwen25-VL/eval_seed0/Qwen2.5-VL-7B-Instruct,1,1,1,Qwen,1,,0.6235847709696609,0.6067668054729327,0.639507733491969
Gemma3,vqa,PathVQA,general,ZS,vqa/PathVQA/Gemma3/eval_seed0/gemma-3-4b-it,1,1,1,Gemma,1,,0.7621234384295063,0.7471668649613326,0.7763236168947055
MedGemma,vqa,PathVQA,medical,ZS,vqa/PathVQA/MedGemma/eval_seed0/medgemma-4b-it,1,1,1,Gemma,1,,0.7066522903033908,0.6921400951814397,0.7218917311124331
InternVL3,vqa,PathVQA,general,ZS,vqa/PathVQA/InternVL3/eval_seed0/InternVL3-8B-hf,1,1,1,Intern,1,,0.7086290898274835,0.693634741225461,0.7242712671029149
LLaVA-1.5,vqa,PathVQA,general,ZS,vqa-zeroshot/PathVQA/LLaVA-1.5/seed0,1,1,1,LLaVA,1,,0.5472519333729922,0.5312314098750743,0.5645523497917906
LLaVA-Med,vqa,PathVQA,medical,ZS,vqa-zeroshot/PathVQA/LLaVA-Med/seed0,1,1,1,LLaVA,1,,0.6600080309339678,0.643954491374182,0.6772754312908983
gemini-2.5-pro,vqa,PathVQA,medical,ZS,vqa/PathVQA/gemini-2.5-pro/eval_seed0/none,1,1,1,Gemini,1,,0.756282272456871,0.7424077929803689,0.7700847709696609
o3,vqa,PathVQA,medical,ZS,vqa/PathVQA/o3/eval_seed0/none,1,1,1,o-family,1,,0.756282272456871,0.7424077929803689,0.7700847709696609
Lingshu,vqa,PathVQA,medical,ZS,vqa/PathVQA/Lingshu/eval_seed0/Lingshu-7B,1,1,1,Qwen,1,,0.8152736466389054,0.8019036287923855,0.8286734086853064
Qwen2-VL,vqa,VQA-RAD,general,ZS,vqa/VQA-RAD/Qwen2-VL/eval_seed0/Qwen2-VL-7B-Instruct,1,1,1,Qwen,1,,0.7522549800796813,0.6972111553784861,0.8007968127490039
Qwen25-VL,vqa,VQA-RAD,general,ZS,vqa/VQA-RAD/Qwen25-VL/eval_seed0/Qwen2.5-VL-7B-Instruct,1,1,1,Qwen,1,,0.7082709163346614,0.649402390438247,0.7649402390438247
Gemma3,vqa,VQA-RAD,general,ZS,vqa/VQA-RAD/Gemma3/eval_seed0/gemma-3-4b-it,1,1,1,Gemma,1,,0.5824701195219124,0.5219123505976095,0.6374501992031872
MedGemma,vqa,VQA-RAD,medical,ZS,vqa/VQA-RAD/MedGemma/eval_seed0/medgemma-4b-it,1,1,1,Gemma,1,,0.6838764940239045,0.6254980079681275,0.7370517928286853
InternVL3,vqa,VQA-RAD,general,ZS,vqa/VQA-RAD/InternVL3/eval_seed0/InternVL3-8B-hf,1,1,1,Intern,1,,0.7020239043824702,0.6414342629482072,0.7609561752988048
LLaVA-1.5,vqa,VQA-RAD,general,ZS,vqa-zeroshot/VQA-RAD/LLaVA-1.5/seed0,1,1,1,LLaVA,1,,0.5244501992031873,0.46215139442231074,0.5816733067729084
LLaVA-Med,vqa,VQA-RAD,medical,ZS,vqa-zeroshot/VQA-RAD/LLaVA-Med/seed0,1,1,1,LLaVA,1,,0.6979083665338647,0.6414342629482072,0.7529880478087649
gemini-2.5-pro,vqa,VQA-RAD,medical,ZS,vqa/VQA-RAD/gemini-2.5-pro/eval_seed0/none,1,1,1,Gemini,1,,0.6132509960159362,0.5537848605577689,0.6693227091633466
o3,vqa,VQA-RAD,medical,ZS,vqa/VQA-RAD/o3/eval_seed0/none,1,1,1,o-family,1,,0.7855737051792828,0.7370517928286853,0.8326693227091634
Lingshu,vqa,VQA-RAD,medical,ZS,vqa/VQA-RAD/Lingshu/eval_seed0/Lingshu-7B,1,1,1,Qwen,1,,0.7047490039840637,0.649402390438247,0.7610557768924302
Qwen2-VL,vqa,Harvard-FairVLMed10k,general,ZS,vqa/Harvard-FairVLMed10k/Qwen2-VL/eval_seed0/Qwen2-VL-7B-Instruct,1,1,1,Qwen,1,,0.5858206412825652,0.564629258517034,0.6082164328657315
Qwen25-VL,vqa,Harvard-FairVLMed10k,general,ZS,vqa/Harvard-FairVLMed10k/Qwen25-VL/eval_seed0/Qwen2.5-VL-7B-Instruct,1,1,1,Qwen,1,,0.6141713426853708,0.593687374749499,0.6337675350701403
Gemma3,vqa,Harvard-FairVLMed10k,general,ZS,vqa/Harvard-FairVLMed10k/Gemma3/eval_seed0/gemma-3-4b-it,1,1,1,Gemma,1,,0.6664589178356713,0.6467935871743486,0.6863727454909819
MedGemma,vqa,Harvard-FairVLMed10k,medical,ZS,vqa/Harvard-FairVLMed10k/MedGemma/eval_seed0/medgemma-4b-it,1,1,1,Gemma,1,,0.6161317635270541,0.593687374749499,0.6362725450901804
InternVL3,vqa,Harvard-FairVLMed10k,general,ZS,vqa/Harvard-FairVLMed10k/InternVL3/eval_seed0/InternVL3-8B-hf,1,1,1,Intern,1,,0.6073537074148297,0.5851703406813628,0.6282565130260521
LLaVA-1.5,vqa,Harvard-FairVLMed10k,general,ZS,vqa-zeroshot/Harvard-FairVLMed10k/LLaVA-1.5/seed0,1,1,1,LLaVA,1,,0.4543441883767535,0.43286573146292584,0.4754634268537074
LLaVA-Med,vqa,Harvard-FairVLMed10k,medical,ZS,vqa-zeroshot/Harvard-FairVLMed10k/LLaVA-Med/seed0,1,1,1,LLaVA,1,,0.7612880761523046,0.7424849699398798,0.7795716432865731
gemini-2.5-pro,vqa,Harvard-FairVLMed10k,medical,ZS,vqa/Harvard-FairVLMed10k/gemini-2.5-pro/eval_seed0/none,1,1,1,Gemini,1,,0.5481452905811622,0.5255511022044088,0.5691382765531062
o3,vqa,Harvard-FairVLMed10k,medical,ZS,vqa/Harvard-FairVLMed10k/o3/eval_seed0/none,1,1,1,o-family,1,,0.5379088176352705,0.5170215430861723,0.5586172344689379
Lingshu,vqa,Harvard-FairVLMed10k,medical,ZS,vqa/Harvard-FairVLMed10k/Lingshu/eval_seed0/Lingshu-7B,1,1,1,Qwen,1,,0.6615716432865731,0.6417835671342685,0.6823647294589178
Qwen2-VL,vqa,MedXpertQA,general,ZS,vqa/MedXpertQA/Qwen2-VL/eval_seed0/Qwen2-VL-7B-Instruct,1,1,0,Qwen,1,,0.21798,0.1775,0.2575
Qwen25-VL,vqa,MedXpertQA,general,ZS,vqa/MedXpertQA/Qwen25-VL/eval_seed0/Qwen2.5-VL-7B-Instruct,1,1,0,Qwen,1,,0.240095,0.2,0.2825
Gemma3,vqa,MedXpertQA,general,ZS,vqa/MedXpertQA/Gemma3/eval_seed0/gemma-3-4b-it,1,1,0,Gemma,1,,0.2056625,0.1675,0.24756249999999994
MedGemma,vqa,MedXpertQA,medical,ZS,vqa/MedXpertQA/MedGemma/eval_seed0/medgemma-4b-it,1,1,0,Gemma,1,,0.22208499999999998,0.18,0.2625
InternVL3,vqa,MedXpertQA,general,ZS,vqa/MedXpertQA/InternVL3/eval_seed0/InternVL3-8B-hf,1,1,0,Intern,1,,0.23514000000000002,0.1925,0.275
gemini-2.5-pro,vqa,MedXpertQA,general,ZS,vqa/MedXpertQA/gemini-2.5-pro/eval_seed0/none,0,0,0,Gemini,0,,,,
o3,vqa,MedXpertQA,general,ZS,vqa/MedXpertQA/o3/eval_seed0/none,0,0,0,o-family,0,,,,
Lingshu,vqa,MedXpertQA,general,ZS,vqa/MedXpertQA/Lingshu/eval_seed0/Lingshu-7B,0,0,0,Qwen,0,,,,
Qwen2-VL,vqa,OmniMedVQA,general,ZS,vqa/OmniMedVQA/Qwen2-VL/eval_seed0/Qwen2-VL-7B-Instruct,1,1,0,Qwen,1,,0.6913197542838668,0.6795990947300355,0.7032088587132234
Qwen25-VL,vqa,OmniMedVQA,general,ZS,vqa/OmniMedVQA/Qwen25-VL/eval_seed0/Qwen2.5-VL-7B-Instruct,1,1,0,Qwen,1,,0.6401925315227934,0.6283543485289363,0.6521217264791465
Gemma3,vqa,OmniMedVQA,general,ZS,vqa/OmniMedVQA/Gemma3/eval_seed0/gemma-3-4b-it,1,1,0,Gemma,1,,0.363279178790818,0.3511154219204656,0.37552942127384414
MedGemma,vqa,OmniMedVQA,medical,ZS,vqa/OmniMedVQA/MedGemma/eval_seed0/medgemma-4b-it,1,1,0,Gemma,1,,0.6951286776592306,0.6837980924668607,0.7061105722599418
InternVL3,vqa,OmniMedVQA,general,ZS,vqa/OmniMedVQA/InternVL3/eval_seed0/InternVL3-8B-hf,1,1,0,Intern,1,,0.7567329453604914,0.7458737471710314,0.767539605560944
LLaVA-1.5,vqa,OmniMedVQA,general,ZS,vqa/OmniMedVQA/LLaVA-1.5/eval_seed0/llava-v1.5-7b,1,1,0,LLaVA,1,,0.5191613320400905,0.5072664080181054,0.531538958939541
LLaVA-Med,vqa,OmniMedVQA,medical,ZS,vqa/OmniMedVQA/LLaVA-Med/eval_seed0/llava-med-v1.5-mistral-7b,1,1,0,LLaVA,1,,0.20633462657613966,0.19657290656320725,0.21694148076301326
gemini-2.5-pro,vqa,OmniMedVQA,medical,ZS,vqa/OmniMedVQA/gemini-2.5-pro/eval_seed0/none,0,0,0,Gemini,0,,,,
o3,vqa,OmniMedVQA,medical,ZS,vqa/OmniMedVQA/o3/eval_seed0/none,0,0,0,o-family,0,,,,
Lingshu,vqa,OmniMedVQA,medical,ZS,vqa/OmniMedVQA/Lingshu/eval_seed0/Lingshu-7B,1,1,0,Qwen,1,,0.8341708697057872,0.8249232137083738,0.8431943097316521
Qwen2-VL,vqa,SLAKE,general,ML,vqa/SLAKE/Qwen2-VL/eval_seed0/qwen2vl-7b-lora-ML-merged,1,1,1,Qwen,1,,0.8609663461538462,0.8269230769230769,0.8942307692307693
Qwen25-VL,vqa,SLAKE,general,ML,vqa/SLAKE/Qwen25-VL/eval_seed0/qwen2_5vl-7b-lora-ML-merged,1,1,1,Qwen,1,,0.8631947115384615,0.829266826923077,0.8966346153846154
Gemma3,vqa,SLAKE,general,ML,vqa/SLAKE/Gemma3/eval_seed0/gemma-3-4b-it-lora-ML-merged,1,1,1,Gemma,1,,0.7803125,0.7427884615384616,0.8173076923076923
MedGemma,vqa,SLAKE,medical,ML,vqa/SLAKE/MedGemma/eval_seed0/train_lora_ML_seed42-merged,1,1,1,Gemma,1,,0.8697283653846154,0.8388822115384615,0.9014423076923077
InternVL3,vqa,SLAKE,general,ML,vqa/SLAKE/InternVL3/eval_seed0/intern-vl-8b-lora-ML-merged,1,1,1,Intern,1,,0.8454903846153846,0.8100360576923077,0.8798076923076923
LLaVA-1.5,vqa,SLAKE,general,ML,vqa/SLAKE/LLaVA-1.5/eval_seed0/train_lora_ML_seed42_llava,1,1,1,LLaVA,1,,0.8359543269230769,0.8004807692307693,0.8677884615384616
LLaVA-Med,vqa,SLAKE,medical,ML,vqa/SLAKE/LLaVA-Med/eval_seed0/train__M_seed42_llava_mistral,1,1,1,LLaVA,1,,0.8147475961538462,0.7788461538461539,0.8485576923076923
Lingshu,vqa,SLAKE,medical,ML,vqa/SLAKE/Lingshu/eval_seed0/1epoch-lora8,1,1,1,Qwen,1,,0.7402259615384615,0.6947115384615384,0.78125
Qwen2-VL,vqa,PathVQA,general,ML,vqa/PathVQA/Qwen2-VL/eval_seed0/qwen2vl-7b-lora-ML-merged,1,1,1,Qwen,1,,0.9252209994051162,0.9158239143367043,0.9336704342653183
Qwen25-VL,vqa,PathVQA,general,ML,vqa/PathVQA/Qwen25-VL/eval_seed0/qwen2_5vl-7b-lora-ML-merged,1,1,1,Qwen,1,,0.923338488994646,0.9137418203450327,0.9315957763236169
Gemma3,vqa,PathVQA,general,ML,vqa/PathVQA/Gemma3/eval_seed0/gemma-3-4b-it-lora-ML-merged,1,1,1,Gemma,1,,0.8717998215348007,0.860492266508031,0.8831052944675788
MedGemma,vqa,PathVQA,medical,ML,vqa/PathVQA/MedGemma/eval_seed0/train_lora_ML_seed42-merged,1,1,1,Gemma,1,,0.9264681737061273,0.9176085663295658,0.9348602022605592
InternVL3,vqa,PathVQA,general,ML,vqa/PathVQA/InternVL3/eval_seed0/intern-vl-8b-lora-ML-merged,1,1,1,Intern,1,,0.8155559190957763,0.801598750743605,0.8289708506841166
LLaVA-1.5,vqa,PathVQA,general,ML,vqa/PathVQA/LLaVA-1.5/eval_seed0/train_lora_ML_seed42_llava,1,1,1,LLaVA,1,,0.911393515764426,0.9015466983938132,0.9205904223676383
LLaVA-Med,vqa,PathVQA,medical,ML,vqa/PathVQA/LLaVA-Med/eval_seed0/train__M_seed42_llava_mistral,1,1,1,LLaVA,1,,0.8324292088042833,0.8188578227245688,0.8450327186198692
Lingshu,vqa,PathVQA,medical,ML,vqa/PathVQA/Lingshu/eval_seed0/1epoch-lora8,1,1,1,Qwen,1,,0.6350056513979774,0.619274241522903,0.6511005353955979
Qwen2-VL,vqa,VQA-RAD,general,ML,vqa/VQA-RAD/Qwen2-VL/eval_seed0/qwen2vl-7b-lora-ML-merged,1,1,1,Qwen,1,,0.7735059760956176,0.7211155378486056,0.8247011952191236
Qwen25-VL,vqa,VQA-RAD,general,ML,vqa/VQA-RAD/Qwen25-VL/eval_seed0/qwen2_5vl-7b-lora-ML-merged,1,1,1,Qwen,1,,0.8094501992031872,0.7608565737051792,0.8565737051792829
Gemma3,vqa,VQA-RAD,general,ML,vqa/VQA-RAD/Gemma3/eval_seed0/gemma-3-4b-it-lora-ML-merged,1,1,1,Gemma,1,,0.6132470119521913,0.5577689243027888,0.6693227091633466
MedGemma,vqa,VQA-RAD,medical,ML,vqa/VQA-RAD/MedGemma/eval_seed0/train_lora_ML_seed42-merged,1,1,1,Gemma,1,,0.752581673306773,0.6972111553784861,0.8047808764940239
InternVL3,vqa,VQA-RAD,general,ML,vqa/VQA-RAD/InternVL3/eval_seed0/intern-vl-8b-lora-ML-merged,1,1,1,Intern,1,,0.7016613545816733,0.649402390438247,0.7529880478087649
LLaVA-1.5,vqa,VQA-RAD,general,ML,vqa/VQA-RAD/LLaVA-1.5/eval_seed0/train_lora_ML_seed42_llava,1,1,1,LLaVA,1,,0.6458605577689243,0.5856573705179283,0.7051792828685259
LLaVA-Med,vqa,VQA-RAD,medical,ML,vqa/VQA-RAD/LLaVA-Med/eval_seed0/train__M_seed42_llava_mistral,1,1,1,LLaVA,1,,0.7131952191235059,0.6573705179282868,0.7689243027888446
Lingshu,vqa,VQA-RAD,medical,ML,vqa/VQA-RAD/Lingshu/eval_seed0/1epoch-lora8,1,1,1,Qwen,1,,0.6586812749003984,0.5976095617529881,0.7171314741035857
Qwen2-VL,vqa,Harvard-FairVLMed10k,general,ML,vqa/Harvard-FairVLMed10k/Qwen2-VL/eval_seed0/qwen2vl-7b-lora-ML-merged,1,1,1,Qwen,1,,0.8537535070140281,0.8371743486973948,0.8692384769539078
Qwen25-VL,vqa,Harvard-FairVLMed10k,general,ML,vqa/Harvard-FairVLMed10k/Qwen25-VL/eval_seed0/qwen2_5vl-7b-lora-ML-merged,1,1,1,Qwen,1,,0.8496417835671344,0.8336673346693386,0.8647294589178357
Gemma3,vqa,Harvard-FairVLMed10k,general,ML,vqa/Harvard-FairVLMed10k/Gemma3/eval_seed0/gemma-3-4b-it-lora-ML-merged,1,1,1,Gemma,1,,0.838631763527054,0.8221442885771543,0.8542084168336673
MedGemma,vqa,Harvard-FairVLMed10k,medical,ML,vqa/Harvard-FairVLMed10k/MedGemma/eval_seed0/train_lora_ML_seed42-merged,1,1,1,Gemma,1,,0.8412299599198397,0.8246492985971944,0.8572269539078157
InternVL3,vqa,Harvard-FairVLMed10k,general,ML,vqa/Harvard-FairVLMed10k/InternVL3/eval_seed0/intern-vl-8b-lora-ML-merged,1,1,1,Intern,1,,0.810560120240481,0.7930861723446894,0.8276553106212425
LLaVA-1.5,vqa,Harvard-FairVLMed10k,general,ML,vqa/Harvard-FairVLMed10k/LLaVA-1.5/eval_seed0/train_lora_ML_seed42_llava,1,1,1,LLaVA,1,,0.8475170340681364,0.8321518036072144,0.8637274549098196
LLaVA-Med,vqa,Harvard-FairVLMed10k,medical,ML,vqa/Harvard-FairVLMed10k/LLaVA-Med/eval_seed0/train__M_seed42_llava_mistral,1,1,1,LLaVA,1,,0.819306613226453,0.8030936873747495,0.8351828657314629
Lingshu,vqa,Harvard-FairVLMed10k,medical,ML,vqa/Harvard-FairVLMed10k/Lingshu/eval_seed0/1epoch-lora8,1,1,1,Qwen,1,,0.7394829659318637,0.7209418837675351,0.7595315631262525
Qwen2-VL,vqa,MedXpertQA,general,ML,vqa/MedXpertQA/Qwen2-VL/eval_seed0/qwen2vl-7b-lora-ML-merged,1,1,0,Qwen,1,,0.312285,0.2675,0.36
Qwen25-VL,vqa,MedXpertQA,general,ML,vqa/MedXpertQA/Qwen25-VL/eval_seed0/qwen2_5vl-7b-lora-ML-merged,1,1,0,Qwen,1,,0.284525,0.2425,0.3300625
Gemma3,vqa,MedXpertQA,general,ML,vqa/MedXpertQA/Gemma3/eval_seed0/gemma-3-4b-it-lora-ML-merged,1,1,0,Gemma,1,,0.24710250000000003,0.205,0.29
MedGemma,vqa,MedXpertQA,medical,ML,vqa/MedXpertQA/MedGemma/eval_seed0/train_lora_ML_seed42-merged,1,1,0,Gemma,1,,0.228705,0.19,0.2700625
InternVL3,vqa,MedXpertQA,general,ML,vqa/MedXpertQA/InternVL3/eval_seed0/intern-vl-8b-lora-ML-merged,1,1,0,Intern,1,,0.2947275,0.2525,0.34
Lingshu,vqa,MedXpertQA,general,ML,vqa/MedXpertQA/Lingshu/eval_seed0/1epoch-lora8,0,0,0,Qwen,0,,,,
Qwen2-VL,vqa,OmniMedVQA,general,ML,vqa/OmniMedVQA/Qwen2-VL/eval_seed0/qwen2vl-7b-lora-ML-merged,1,1,0,Qwen,1,,0.9663204009052699,0.9615219851277078,0.9709020368574199
Qwen25-VL,vqa,OmniMedVQA,general,ML,vqa/OmniMedVQA/Qwen25-VL/eval_seed0/qwen2_5vl-7b-lora-ML-merged,1,1,0,Qwen,1,,0.9631121888134496,0.9584505334626576,0.9678346265761396
Gemma3,vqa,OmniMedVQA,general,ML,vqa/OmniMedVQA/Gemma3/eval_seed0/gemma-3-4b-it-lora-ML-merged,1,1,0,Gemma,1,,0.9446682832201746,0.938566925315228,0.9510184287099903
MedGemma,vqa,OmniMedVQA,medical,ML,vqa/OmniMedVQA/MedGemma/eval_seed0/train_lora_ML_seed42-merged,1,1,0,Gemma,1,,0.9297494342062722,0.923052053022955,0.9361501778208858
InternVL3,vqa,OmniMedVQA,general,ML,vqa/OmniMedVQA/InternVL3/eval_seed0/intern-vl-8b-lora-ML-merged,1,1,0,Intern,1,,0.9677382799870676,0.9629768832848368,0.9721952796637569
LLaVA-1.5,vqa,OmniMedVQA,general,ML,vqa/OmniMedVQA/LLaVA-1.5/eval_seed0/train_lora_ML_seed42_llava,1,1,0,LLaVA,1,,0.9036749110895571,0.8960556094406725,0.9109279017135468
LLaVA-Med,vqa,OmniMedVQA,general,ML,vqa/OmniMedVQA/LLaVA-Med/eval_seed0/train__M_seed42_llava_mistral,0,0,0,LLaVA,0,,,,
Lingshu,vqa,OmniMedVQA,medical,ML,vqa/OmniMedVQA/Lingshu/eval_seed0/1epoch-lora8,1,1,0,Qwen,1,,0.9314279017135466,0.9253152279340446,0.9376050759780148
